{"exposed_days": 4, "asymptom_days": 6, "symptom_days": 5, "critical_days": 12, "probability_symptomatic": 0.6761768457036632, "probability_critical_multiplier": 1.1908081070144907, "probability_to_die_multiplier": 1.0809452522169751}