{"time": 350, "number_of_agents": 100000, "monte_carlo_runs": 1, "exposed_days": 4, "asymptom_days": 7, "symptom_days": 7, "critical_days": 11, "probability_symptomatic": 0.6165, "no_hospital_multiplier": 1.79, "probability_transmission": 0.0164, "probability_critical": {"age_0_10": 0.001, "age_10_20": 0.003, "age_20_30": 0.012, "age_30_40": 0.032, "age_40_50": 0.049, "age_50_60": 0.102, "age_60_70": 0.166, "age_70_80": 0.244, "age_80_plus": 0.273}, "probability_to_die": {"age_0_10": 0.02090209, "age_10_20": 0.032569361, "age_20_30": 0.034233668, "age_30_40": 0.052638239, "age_40_50": 0.097470817, "age_50_60": 0.155112718, "age_60_70": 0.248512233, "age_70_80": 0.306164902, "age_80_plus": 0.371187541}, "health_system_capacity": 0.0007, "physical_distancing_multiplier": [0.938428, 0.938428, 0.941018, 0.941018, 0.941018, 0.941018, 0.941018, 0.941018, 0.941018, 0.941018, 0.941018, 0.941018, 0.941018, 0.941018, 0.941018, 0.941018, 0.941018, 0.941018, 0.941018, 0.941018, 0.941018, 0.941018, 0.941018, 0.941018, 0.941018, 0.941018, 0.941018, 0.941018, 0.941018, 0.941018, 0.941018, 0.941018, 0.941018, 0.943608, 0.943608, 0.943608, 0.943608, 0.943608, 0.943608, 0.943608, 0.9462050000000001, 0.9462050000000001, 0.9462050000000001, 0.9462050000000001, 0.9462050000000001, 0.9462050000000001, 0.9462050000000001, 0.9462050000000001, 0.9462050000000001, 0.9462050000000001, 0.9462050000000001, 0.9462050000000001, 0.9462050000000001, 0.9462050000000001, 0.9462050000000001, 0.9462050000000001, 0.9462050000000001, 0.9462050000000001, 0.9462050000000001, 0.9462050000000001, 0.9462050000000001, 0.9462050000000001, 0.9462050000000001, 0.9462050000000001, 0.9462050000000001, 0.9462050000000001, 0.9462050000000001, 0.9462050000000001, 0.9462050000000001, 0.9462050000000001, 0.9462050000000001, 0.9462050000000001, 0.9462050000000001, 0.9462050000000001, 0.943608, 0.943608, 0.943608, 0.943608, 0.943608, 0.943608, 0.943608, 0.943608, 0.943608, 0.943608, 0.943608, 0.943608, 0.943608, 0.943608, 0.943608, 0.943608, 0.943608, 0.943608, 0.943608, 0.943608, 0.943608, 0.943608, 0.943608, 0.943608, 0.943608, 0.943608, 0.943608, 0.943608, 0.943608, 0.943608, 0.943608, 0.943608, 0.943608, 0.943608, 0.943608, 0.943608, 0.943608, 0.943608, 0.943608, 0.943608, 0.943608, 0.943608, 0.943608, 0.943608, 0.943608, 0.943608, 0.943608, 0.943608, 0.943608, 0.943608, 0.943608, 0.943608, 0.943608, 0.943608, 0.943608, 0.943608, 0.943608, 0.943608, 0.943608, 0.943608, 0.943608, 0.943608, 0.943608, 0.943608, 0.943608, 0.943608, 0.943608, 0.943608, 0.943608, 0.943608, 0.943608, 0.943608, 0.943608, 0.943608, 0.943608, 0.943608, 0.943608, 0.943608, 0.943608, 0.943608, 0.943608, 0.943608, 0.943608, 0.943608, 0.943608, 0.943608, 0.943608, 0.943608, 0.943608, 0.943608, 0.943608, 0.943608, 0.943608, 0.943608, 0.943608, 0.943608, 0.943608, 0.943608, 0.943608, 0.943608, 0.943608, 0.943608, 0.943608, 0.943608, 0.943608, 0.943608, 0.943608, 0.943608, 0.943608, 0.943608, 0.943608, 0.943608, 0.943608, 0.943608, 0.943608, 0.943608, 0.943608, 0.943608, 0.943608, 0.943608, 0.943608, 0.943608, 0.943608, 0.943608, 0.943608, 0.943608, 0.943608, 0.943608, 0.943608, 0.943608, 0.943608, 0.943608, 0.943608, 0.943608, 0.943608, 0.943608, 0.943608, 0.943608, 0.943608, 0.943608, 0.943608, 0.943608, 0.943608, 0.943608, 0.943608, 0.943608, 0.943608, 0.943608, 0.943608, 0.943608, 0.943608, 0.943608, 0.943608, 0.943608, 0.943608, 0.943608, 0.943608, 0.943608, 0.943608, 0.943608, 0.943608, 0.943608, 0.943608, 0.943608, 0.943608, 0.943608, 0.943608, 0.943608, 0.943608, 0.943608, 0.943608, 0.943608, 0.943608, 0.943608, 0.943608, 0.943608, 0.943608, 0.943608, 0.943608, 0.943608, 0.943608, 0.943608, 0.943608, 0.943608, 0.943608, 0.943608, 0.943608, 0.943608, 0.943608, 0.943608, 0.943608, 0.943608, 0.943608, 0.943608, 0.943608, 0.943608, 0.943608, 0.943608, 0.943608, 0.943608, 0.943608, 0.943608, 0.943608, 0.943608, 0.943608, 0.943608, 0.943608, 0.943608, 0.943608, 0.943608, 0.943608, 0.943608, 0.943608, 0.943608, 0.943608, 0.943608, 0.943608, 0.943608, 0.943608, 0.943608, 0.943608, 0.943608, 0.943608, 0.943608, 0.943608, 0.943608, 0.943608, 0.943608, 0.943608, 0.943608, 0.943608, 0.943608, 0.943608, 0.943608, 0.943608, 0.943608, 0.943608, 0.943608, 0.943608, 0.943608, 0.943608, 0.943608, 0.943608, 0.943608, 0.943608, 0.943608, 0.943608, 0.943608, 0.943608, 0.943608, 0.943608, 0.943608, 0.943608, 0.943608, 0.943608, 0.943608, 0.943608, 0.943608, 0.943608, 0.943608, 0.943608, 0.943608, 0.943608, 0.943608, 0.943608, 0.943608, 0.943608, 0.943608, 0.943608, 0.943608, 0.943608, 0.943608, 0.943608, 0.943608, 0.943608, 0.943608], "visiting_recurring_contacts_multiplier": [0.55, 0.5900000000000001, 0.5883333333333334, 0.6666666666666666, 0.6599999999999999, 0.6699999999999999, 0.6533333333333333, 0.6716666666666666, 0.6766666666666666, 0.6616666666666666, 0.6933333333333334, 0.6766666666666666, 0.6466666666666667, 0.6466666666666667, 0.645, 0.6483333333333334, 0.6666666666666666, 0.6916666666666667, 0.6633333333333333, 0.645, 0.64, 0.6583333333333334, 0.6683333333333333, 0.6733333333333333, 0.7150000000000001, 0.6883333333333332, 0.675, 0.685, 0.6883333333333332, 0.7033333333333334, 0.7183333333333333, 0.78, 0.7666666666666667, 0.8, 0.7666666666666667, 0.7683333333333333, 0.7866666666666666, 0.7666666666666667, 0.8083333333333333, 0.78, 0.7533333333333333, 0.75, 0.75, 0.7616666666666667, 0.7283333333333333, 0.7716666666666667, 0.75, 0.7616666666666667, 0.61, 0.72, 0.7416666666666667, 0.7466666666666667, 0.8116666666666666, 0.78, 0.7016666666666667, 0.7333333333333334, 0.7383333333333333, 0.8, 0.79, 0.8566666666666667, 0.8283333333333334, 0.785, 0.7983333333333333, 0.8066666666666666, 0.83, 0.8133333333333334, 0.8566666666666667, 0.8333333333333333, 0.7933333333333333, 0.7916666666666667, 0.7666666666666667, 0.7733333333333333, 0.7583333333333333, 0.7616666666666667, 0.77, 0.7316666666666667, 0.7150000000000001, 0.7383333333333333, 0.7516666666666667, 0.7566666666666667, 0.8016666666666666, 0.7833333333333333, 0.75, 0.7383333333333333, 0.7416666666666667, 0.755, 0.7916666666666667, 0.88, 0.855, 0.7766666666666666, 0.7733333333333333, 0.7816666666666667, 0.7916666666666667, 0.8283333333333334, 0.9066666666666666, 0.895, 0.815, 0.815, 0.8183333333333334, 0.825, 0.8116666666666666, 0.8666666666666667, 0.86, 0.74, 0.74, 0.74, 0.74, 0.74, 0.74, 0.74, 0.74, 0.74, 0.74, 0.74, 0.74, 0.74, 0.74, 0.74, 0.74, 0.74, 0.74, 0.74, 0.74, 0.74, 0.74, 0.74, 0.74, 0.74, 0.74, 0.74, 0.74, 0.74, 0.74, 0.74, 0.74, 0.74, 0.74, 0.74, 0.74, 0.74, 0.74, 0.74, 0.74, 0.74, 0.74, 0.74, 0.74, 0.74, 0.74, 0.74, 0.74, 0.74, 0.74, 0.74, 0.74, 0.74, 0.74, 0.74, 0.74, 0.74, 0.74, 0.74, 0.74, 0.74, 0.74, 0.74, 0.74, 0.74, 0.74, 0.74, 0.74, 0.74, 0.74, 0.74, 0.74, 0.74, 0.74, 0.74, 0.74, 0.74, 0.74, 0.74, 0.74, 0.74, 0.74, 0.74, 0.74, 0.74, 0.74, 0.74, 0.74, 0.74, 0.74, 0.74, 0.74, 0.74, 0.74, 0.74, 0.74, 0.74, 0.74, 0.74, 0.74, 0.74, 0.74, 0.74, 0.74, 0.74, 0.74, 0.74, 0.74, 0.74, 0.74, 0.74, 0.74, 0.74, 0.74, 0.74, 0.74, 0.74, 0.74, 0.74, 0.74, 0.74, 0.74, 0.74, 0.74, 0.74, 0.74, 0.74, 0.74, 0.74, 0.74, 0.74, 0.74, 0.74, 0.74, 0.74, 0.74, 0.74, 0.74, 0.74, 0.74, 0.74, 0.74, 0.74, 0.74, 0.74, 0.74, 0.74, 0.74, 0.74, 0.74, 0.74, 0.74, 0.74, 0.74, 0.74, 0.74, 0.74, 0.74, 0.74, 0.74, 0.74, 0.74, 0.74, 0.74, 0.74, 0.74, 0.74, 0.74, 0.74, 0.74, 0.74, 0.74, 0.74, 0.74, 0.74, 0.74, 0.74, 0.74, 0.74, 0.74, 0.74, 0.74, 0.74, 0.74, 0.74, 0.74, 0.74, 0.74, 0.74, 0.74, 0.74, 0.74, 0.74, 0.74, 0.74, 0.74, 0.74, 0.74, 0.74, 0.74, 0.74, 0.74, 0.74, 0.74, 0.74, 0.74, 0.74, 0.74, 0.74, 0.74, 0.74, 0.74, 0.74, 0.74, 0.74, 0.74, 0.74, 0.74, 0.74, 0.74, 0.74, 0.74, 0.74, 0.74, 0.74, 0.74, 0.74, 0.74, 0.74, 0.74, 0.74, 0.74, 0.74, 0.74, 0.74, 0.74, 0.74, 0.74, 0.74, 0.74, 0.74, 0.74, 0.74, 0.74, 0.74, 0.74, 0.74],