{"time": 300, "number_of_agents": 25000, "monte_carlo_runs": 1, "exposed_days": 4, "asymptom_days": 7, "symptom_days": 7, "critical_days": 11, "probability_symptomatic": 0.6165, "no_hospital_multiplier": 1.79, "probability_transmission": 0.028, "probability_critical": {"age_0_10": 0.001, "age_10_20": 0.003, "age_20_30": 0.012, "age_30_40": 0.032, "age_40_50": 0.049, "age_50_60": 0.102, "age_60_70": 0.166, "age_70_80": 0.244, "age_80_plus": 0.273}, "probability_to_die": {"age_0_10": 0.02090209, "age_10_20": 0.032569361, "age_20_30": 0.034233668, "age_30_40": 0.052638239, "age_40_50": 0.097470817, "age_50_60": 0.155112718, "age_60_70": 0.248512233, "age_70_80": 0.306164902, "age_80_plus": 0.371187541}, "private_shock_stdev": 0.04999999999999999, "weight_private_signal": 0.1, "health_system_capacity": 0.0009179, "stringency_index": [30.0, 30.0, 30.0, 30.0, 30.0, 30.0, 30.0, 30.0, 30.0, 30.0, 30.0, 30.0, 30.0, 30.0, 22.0, 22.0, 22.0, 22.0, 22.0, 22.0, 22.0, 22.0, 22.0, 22.0, 22.0, 22.0, 22.0, 22.0, 22.0, 22.0, 22.0, 22.0, 22.0, 22.0, 22.0, 22.0, 22.0, 22.0, 22.0, 22.0, 22.0, 22.0, 22.0, 22.0, 22.0, 18.0, 18.0, 18.0, 18.0, 18.0, 18.0, 18.0, 18.0, 18.0, 18.0, 18.0, 18.0, 18.0, 18.0, 18.0, 18.0, 18.0, 18.0, 18.0, 18.0, 18.0, 18.0, 18.0, 18.0, 18.0, 18.0, 18.0, 18.0, 18.0, 18.0, 18.0, 18.0, 18.0, 18.0, 18.0, 18.0, 18.0, 18.0, 18.0, 18.0, 18.0, 18.0, 18.0, 18.0, 18.0, 18.0, 18.0, 18.0, 18.0, 18.0, 18.0, 18.0, 18.0, 18.0, 18.0, 18.0, 18.0, 18.0, 18.0, 18.0, 18.0, 18.0, 18.0, 18.0, 18.0, 18.0, 18.0, 18.0, 18.0, 18.0, 18.0, 18.0, 18.0, 18.0, 18.0, 18.0, 18.0, 18.0, 18.0, 18.0, 18.0, 18.0, 18.0, 18.0, 18.0, 18.0, 18.0, 18.0, 18.0, 18.0, 18.0, 18.0, 18.0, 18.0, 18.0, 18.0, 18.0, 18.0, 18.0, 18.0, 18.0, 18.0, 18.0, 18.0, 18.0, 18.0, 18.0, 0.0, 0.0, 0.0, 0.0, 0.0, 0.0, 0.0, 0.0, 0.0, 0.0, 0.0, 0.0, 0.0, 0.0, 0.0, 0.0, 0.0, 0.0, 0.0, 0.0, 0.0, 0.0, 0.0, 0.0, 0.0, 0.0, 0.0, 0.0, 0.0, 0.0, 0.0, 0.0, 0.0, 0.0, 0.0, 0.0, 0.0, 0.0, 0.0, 0.0, 0.0, 0.0, 0.0, 0.0, 0.0, 0.0, 0.0, 0.0, 0.0, 0.0, 0.0, 0.0, 0.0, 0.0, 0.0, 0.0, 0.0, 0.0, 0.0, 0.0, 0.0, 0.0, 0.0, 0.0, 0.0, 0.0, 0.0, 0.0, 0.0, 0.0, 0.0, 0.0, 0.0, 0.0, 0.0, 0.0, 0.0, 0.0, 0.0, 0.0, 0.0, 0.0, 0.0, 0.0, 0.0, 0.0, 0.0, 0.0, 0.0, 0.0, 0.0, 0.0, 0.0, 0.0, 0.0, 0.0, 0.0, 0.0, 0.0, 0.0, 0.0, 0.0, 0.0, 0.0, 0.0, 0.0, 0.0, 0.0, 0.0, 0.0, 0.0, 0.0, 0.0, 0.0, 0.0, 0.0, 0.0, 0.0, 0.0, 0.0, 0.0, 0.0, 0.0, 0.0, 0.0, 0.0, 0.0, 0.0, 0.0, 0.0, 0.0, 0.0, 0.0, 0.0, 0.0, 0.0, 0.0, 0.0, 0.0, 0.0, 0.0, 0.0, 0.0, 0.0, 0.0, 0.0, 0.0, 0.0], "physical_distancing_multiplier": 0.85, "visiting_recurring_contacts_multiplier": [0.4733333333333334, 0.45333333333333337, 0.43166666666666664, 0.44666666666666666, 0.45666666666666667, 0.45999999999999996, 0.4633333333333334, 0.4816666666666667, 0.4883333333333334, 0.4666666666666667, 0.42500000000000004, 0.4866666666666667, 0.4916666666666667, 0.5183333333333333, 0.4966666666666666, 0.5533333333333333, 0.5116666666666667, 0.575, 0.5683333333333334, 0.5866666666666667, 0.5833333333333334, 0.5700000000000001, 0.5833333333333334, 0.5366666666666666, 0.5549999999999999, 0.56, 0.5666666666666667, 0.5666666666666667, 0.5633333333333334, 0.5766666666666667, 0.54, 0.565, 0.565, 0.5816666666666667, 0.575, 0.5766666666666667, 0.5900000000000001, 0.5516666666666666, 0.5449999999999999, 0.5733333333333334, 0.6083333333333334, 0.5883333333333334, 0.6033333333333333, 0.6433333333333333, 0.6133333333333333, 0.6966666666666667, 0.665, 0.6783333333333333, 0.6983333333333333, 0.6666666666666666, 0.6966666666666667, 0.6599999999999999, 0.6716666666666666, 0.6683333333333333, 0.6066666666666667, 0.6233333333333333, 0.6516666666666666, 0.685, 0.6283333333333334, 0.6950000000000001, 0.65, 0.6983333333333333, 0.7, 0.6716666666666666, 0.7066666666666667, 0.6083333333333334, 0.6583333333333334, 0.6716666666666666, 0.6916666666666667, 0.7116666666666667, 0.6816666666666666, 0.6483333333333334, 0.6783333333333333, 0.675, 0.7283333333333333, 0.7416666666666667, 0.7216666666666667, 0.73, 0.755, 0.6799999999999999, 0.7116666666666667, 0.7116666666666667, 0.74, 0.6483333333333334, 0.6233333333333333, 0.6816666666666666, 0.6866666666666668, 0.605, 0.6466666666666667, 0.7066666666666667, 0.7116666666666667, 0.7083333333333333, 0.7333333333333334, 0.7133333333333334, 0.6816666666666666, 0.6783333333333333, 0.6950000000000001, 0.7, 0.7266666666666667, 0.785, 0.7133333333333334, 0.6916666666666667, 0.7033333333333334, 0.7283333333333333, 0.7316666666666667, 0.7516666666666667, 0.7866666666666666, 0.7816666666666667, 0.7216666666666667, 0.6950000000000001, 0.7416666666666667, 0.7383333333333333, 0.7616666666666667, 0.78, 0.6283333333333334, 0.685], "likelihood_awareness": 0.989708325165185, "gathering_max_contacts": 11.999999999999993, "total_initial_infections": 69, "informality_dummy": 1.0, "init_infected_agent": 0, "data_output": "csv-light", "probability_susceptible": 0.0, "time_4_new_infections": 153, "new_infections_scenario": "initial"}