{"names": ["probability_transmission", "total_initial_infections", "physical_distancing_multiplier", "likelihood_awareness", "gathering_max_contacts", "private_shock_stdev", "weight_private_signal", "visiting_recurring_contacts_multiplier"], "estimates": [0.0206013596983695, 189.0, 0.45489295732723656, 0.8729630754786617, 11.999999999999993, 0.4979661525618329, 0.10038655930330229, 0.9081522676601441], "cost": 88.61125762551129}