"WardID","age_0_10","age_10_20","age_20_30","age_30_40","age_40_50","age_50_60","age_60_70","age_70_80","age_80_plus"
1,0.120573190300725,0.111066801821765,0.108598571448351,0.111918978782652,0.113352821857523,0.114902680985923,0.0966981703880364,0.10723105204667,0.115657732368354
2,0.111588558391362,0.106459521297753,0.110229807994494,0.119018519183627,0.106632668447877,0.107131307108953,0.101554437621386,0.125209537943542,0.112175642011006
