"WardID","1","2","3","4","5"
1,20.2196614351272,23.8692316928372,24.0972562220966,15.0158270422251,16.7980236077138
2,12.6350543873462,24.0983729595135,21.47307830452,22.4778749999513,19.315619348669
