{"time": 180, "number_of_agents": 100000, "exposed_days": 4, "asymptom_days": 7, "symptom_days": 7, "critical_days": 11, "probability_symptomatic": 0.38349999999999995, "no_hospital_multiplier": 1.79, "probability_transmission": 0.02989037874070869, "probability_critical": {"age_0_10": 0.001, "age_10_20": 0.003, "age_20_30": 0.012, "age_30_40": 0.032, "age_40_50": 0.049, "age_50_60": 0.102, "age_60_70": 0.166, "age_70_80": 0.244, "age_80_plus": 0.273}, "probability_to_die": {"age_0_10": 0.02090209, "age_10_20": 0.032569361, "age_20_30": 0.034233668, "age_30_40": 0.052638239, "age_40_50": 0.097470817, "age_50_60": 0.155112718, "age_60_70": 0.248512233, "age_70_80": 0.306164902, "age_80_plus": 0.371187541}, "private_shock_stdev": 0.05, "weight_private_signal": 0.05, "health_system_capacity": 0.0009179, "stringency_index": [87.96, 87.96, 87.96, 87.96, 87.96, 87.96, 87.96, 87.96, 87.96, 87.96, 87.96, 87.96, 87.96, 87.96, 84.26, 84.26, 84.26, 84.26, 84.26, 84.26, 84.26, 84.26, 84.26, 84.26, 84.26, 84.26, 84.26, 84.26, 84.26, 84.26, 84.26, 84.26, 84.26, 84.26, 84.26, 84.26, 84.26, 84.26, 84.26, 84.26, 84.26, 84.26, 84.26, 84.26, 84.26, 80.56, 80.56, 80.56, 80.56, 80.56, 80.56, 80.56, 76.85, 76.85, 76.85, 76.85, 76.85, 76.85, 76.85, 76.85, 76.85, 76.85, 76.85, 76.85, 76.85, 76.85, 76.85, 76.85, 76.85, 76.85, 76.85, 76.85, 76.85, 76.85, 76.85, 76.85, 76.85, 76.85, 76.85, 76.85, 76.85, 76.85, 76.85, 76.85, 76.85, 76.85, 80.56, 80.56, 80.56, 80.56, 80.56, 80.56, 80.56, 80.56, 80.56, 80.56, 80.56, 80.56, 80.56, 80.56, 80.56, 80.56, 80.56, 80.56, 80.56, 80.56, 80.56, 80.56, 80.56, 80.56, 80.56, 80.56, 80.56, 80.56, 80.56, 80.56], "visiting_recurring_contacts_multiplier": 0.4066666666666666, "total_initial_infections": 928, "time_4_new_infections": -1, "new_infections_scenario": "None", "informality_dummy": 1.0, "init_infected_agent": 0, "data_output": "csv-light", "empirical_population": 3740000, "empirical_fatalities": [0.0, 0.0, 0.0, 0.0, 0.0, 0.0, 0.0, 0.0, 0.0, 0.0, 0.0, 0.0, 0.0, 0.0, 0.0, 0.0, 0.0, 0.0, 0.0, 4.285714285714286, 4.285714285714286, 4.285714285714286, 4.285714285714286, 4.285714285714286, 4.285714285714286, 4.285714285714286, 17.493759127662283, 17.493759127662283, 17.493759127662283, 17.493759127662283, 17.493759127662283, 17.493759127662283, 17.493759127662283, 41.8477723255592, 41.8477723255592, 41.8477723255592, 41.8477723255592, 41.8477723255592, 41.8477723255592, 41.8477723255592, 43.5757374021873, 43.5757374021873, 43.5757374021873, 43.5757374021873, 43.5757374021873, 43.5757374021873, 43.5757374021873, 56.14066424926025, 56.14066424926025, 56.14066424926025, 56.14066424926025, 56.14066424926025, 56.14066424926025, 56.14066424926025, 62.08516230884758, 62.08516230884758, 62.08516230884758, 62.08516230884758, 62.08516230884758, 62.08516230884758, 62.08516230884758, 57.50367465414921, 57.50367465414921, 57.50367465414921, 57.50367465414921, 57.50367465414921, 57.50367465414921, 57.50367465414921, 51.006972713736545, 51.006972713736545, 51.006972713736545, 51.006972713736545, 51.006972713736545, 51.006972713736545, 51.006972713736545, 48.70971363046674, 48.70971363046674, 48.70971363046674, 48.70971363046674, 48.70971363046674, 48.70971363046674, 48.70971363046674, 49.6348974043398, 49.6348974043398, 49.6348974043398, 49.6348974043398, 49.6348974043398, 49.6348974043398, 49.6348974043398, 30.969281178212853, 30.969281178212853, 30.969281178212853, 30.969281178212853, 30.969281178212853, 30.969281178212853, 30.969281178212853, 27.98957923780014, 27.98957923780014, 27.98957923780014, 27.98957923780014, 27.98957923780014, 27.98957923780014, 27.98957923780014, 18.268649685729283, 18.268649685729283, 18.268649685729283, 18.268649685729283, 18.268649685729283, 18.268649685729283, 18.268649685729283, 12.490700103185144, 12.490700103185144, 12.490700103185144, 12.490700103185144, 12.490700103185144, 12.490700103185144, 12.490700103185144], "probability_susceptible": 0.0}