{"time": 350, "number_of_agents": 100000, "exposed_days": 4, "asymptom_days": 7, "symptom_days": 7, "critical_days": 11, "probability_symptomatic": 0.38349999999999995, "no_hospital_multiplier": 1.79, "probability_transmission": 0.01610378740708691, "probability_critical": {"age_0_10": 0.001, "age_10_20": 0.003, "age_20_30": 0.012, "age_30_40": 0.032, "age_40_50": 0.049, "age_50_60": 0.102, "age_60_70": 0.166, "age_70_80": 0.244, "age_80_plus": 0.273}, "probability_to_die": {"age_0_10": 0.02090209, "age_10_20": 0.032569361, "age_20_30": 0.034233668, "age_30_40": 0.052638239, "age_40_50": 0.097470817, "age_50_60": 0.155112718, "age_60_70": 0.248512233, "age_70_80": 0.306164902, "age_80_plus": 0.371187541}, "private_shock_stdev": 0.05, "weight_private_signal": 0.15, "health_system_capacity": 0.0015527600353993796, "stringency_index": [87.96, 87.96, 84.26, 84.26, 84.26, 84.26, 84.26, 84.26, 84.26, 84.26, 84.26, 84.26, 84.26, 84.26, 84.26, 84.26, 84.26, 84.26, 84.26, 84.26, 84.26, 84.26, 84.26, 84.26, 84.26, 84.26, 84.26, 84.26, 84.26, 84.26, 84.26, 84.26, 84.26, 80.56, 80.56, 80.56, 80.56, 80.56, 80.56, 80.56, 76.85, 76.85, 76.85, 76.85, 76.85, 76.85, 76.85, 76.85, 76.85, 76.85, 76.85, 76.85, 76.85, 76.85, 76.85, 76.85, 76.85, 76.85, 76.85, 76.85, 76.85, 76.85, 76.85, 76.85, 76.85, 76.85, 76.85, 76.85, 76.85, 76.85, 76.85, 76.85, 76.85, 76.85, 80.56, 80.56, 80.56, 80.56, 80.56, 80.56, 80.56, 80.56, 80.56, 80.56, 80.56, 80.56, 80.56, 80.56, 80.56, 80.56, 80.56, 80.56, 80.56, 80.56, 80.56, 80.56, 80.56, 80.56, 80.56, 80.56, 80.56, 80.56, 80.56, 80.56], "visiting_recurring_contacts_multiplier": 0.4633333333333334, "total_initial_infections": 183, "time_4_new_infections": -1, "new_infections_scenario": "None", "informality_dummy": 1.0, "init_infected_agent": 0, "data_output": "csv-light", "empirical_population": 5635127, "empirical_fatalities": [0.0, 0.0, 0.0, 0.0, 0.0, 0.0, 0.0, 0.0, 0.0, 0.0, 0.0, 0.0, 0.0, 0.0, 0.0, 0.0, 0.0, 0.0, 0.0, 0.0, 0.0, 0.0, 0.0, 0.0, 0.0, 0.0, 0.0, 0.0, 0.0, 0.0, 0.0, 0.0, 0.0, 0.0, 0.0, 0.0, 0.0, 0.0, 0.0, 0.0, 0.0, 0.0, 0.0, 0.0, 0.0, 0.0, 0.0, 0.0, 0.0, 0.0, 0.0, 0.0, 0.0, 0.0, 2.0, 2.0, 2.0, 2.0, 2.0, 2.0, 2.0, 27.188768737944198, 27.188768737944198, 27.188768737944198, 27.188768737944198, 27.188768737944198, 27.188768737944198, 27.188768737944198, 61.019724041109065, 61.019724041109065, 61.019724041109065, 61.019724041109065, 61.019724041109065, 61.019724041109065, 61.019724041109065, 77.13852833100569, 77.13852833100569, 77.13852833100569, 77.13852833100569, 77.13852833100569, 77.13852833100569, 77.13852833100569, 102.54825513972273, 102.54825513972273, 102.54825513972273, 102.54825513972273, 102.54825513972273, 102.54825513972273, 102.54825513972273, 91.98841989337757, 91.98841989337757, 91.98841989337757, 91.98841989337757, 91.98841989337757, 91.98841989337757, 91.98841989337757, 67.99416496767051, 67.99416496767051, 67.99416496767051, 67.99416496767051, 67.99416496767051, 67.99416496767051, 67.99416496767051, 44.187449708997406, 44.187449708997406, 44.187449708997406, 44.187449708997406, 44.187449708997406, 44.187449708997406, 44.187449708997406, 19.51762781087488, 19.51762781087488, 19.51762781087488, 19.51762781087488, 19.51762781087488, 19.51762781087488, 19.51762781087488], "probability_susceptible": 0.0}